{
    "runtime": {
        "ssd-eval-vgg-gpu-dynamic": 87.92313742637634,
        "ssd-train-vgg-cpu": 144.30478644371033
    },
    "power": []
}