{
    "runtime": {
        "ssd-eval-vgg-gpu-large": 114.00214719772339,
        "ssd-train-vgg-cpu": 203.04980635643005
    },
    "power": []
}