category,ntail-xapian
runtime,76.46565222740173
llc_references,27703757.853185594
llc_misses,8762294.238227148
instructions,3085774625.969529
cycles,2046489912.437673
stall_cycles,618263364.501385
intra_coh,38967.49307479224
inter_coh,83.93351800554017
wall_cycles,2102743404.7506926
llc_size,137181734.2936288
local_mem,13451218.614958448
remote_mem,115278.00554016621
