{
    "runtime": {
        "ntail-sphinx": 45.13929009437561,
        "GpuKMeansBatchCpu": 88.53003454208374
    },
    "power": []
}