{
    "runtime": {
        "ssd-eval-vgg-gpu-small": 65.9881694316864,
        "ssd-train-vgg-cpu": 205.45699858665466
    },
    "power": []
}