category,ntail-moses
runtime,54.283639669418335
llc_references,38720838.56
llc_misses,22125704.580000002
instructions,1593178967.22
cycles,1249864723.6
stall_cycles,557327071.62
intra_coh,1237649.1400000001
inter_coh,63.339999999999996
wall_cycles,2105154057.8
llc_size,205565460.48000002
local_mem,1757266575.3600001
remote_mem,17832345.6
