category,ssd-eval-vgg-gpu-small,ssd-train-vgg-cpu
runtime,64.83868908882141,99.43855166435242
llc_references,45100806.12903226,43555439.96875
llc_misses,3471158.7096774196,2458521.5104166665
instructions,468154950.5161291,1949992726.0833333
cycles,982001864.7580645,1639694685.75
gpu_core_util,290.9516129032258,190.5625
gpu_core_freq,6500.0,6500.0
gpu_emc_util,52.612903225806456,34.833333333333336
gpu_emc_freq,9330.0,9330.0
