{
    "runtime": {
        "ssd-eval-vgg-gpu-small": 64.97870063781738,
        "ssd-train-vgg-cpu": 198.80245566368103
    },
    "power": []
}