category,ntail-masstree
runtime,23.00022530555725
llc_references,11585866.063829787
llc_misses,1790373.989361702
instructions,613304351.1702127
cycles,1080100339.5212767
stall_cycles,571250031.7553191
intra_coh,1343207.0212765958
inter_coh,48.29787234042553
wall_cycles,2112908157.287234
llc_size,189392068.08510637
local_mem,156958720.0
remote_mem,449688.5106382979
