category,ntail-xapian
runtime,88.53552627563477
llc_references,23027488.815165874
llc_misses,7251533.827014219
instructions,2572126529.727488
cycles,1701717007.2748816
stall_cycles,511043690.73459715
intra_coh,30005.16587677725
inter_coh,83.12796208530806
wall_cycles,2102777742.3222747
llc_size,143331269.76303315
local_mem,67707074.12322275
remote_mem,522579.7156398104
