category,ntail-sphinx
runtime,46.07400321960449
llc_references,189282328.88095236
llc_misses,27361769.595238097
instructions,8250961222.928572
cycles,7738035414.928571
stall_cycles,3135143788.5
intra_coh,4114.785714285715
inter_coh,0.9761904761904762
wall_cycles,2106037813.5714288
llc_size,204810922.66666666
local_mem,904365592.3809524
remote_mem,2882023.6190476194
