{
    "runtime": {
        "ntail-xapian": 36.96457815170288,
        "GpuKMeansBatchCpu": 47.43287754058838
    },
    "power": []
}