category,ssd-eval-vgg-gpu-small,ssd-train-vgg-cpu
runtime,64.1220133304596,168.20454382896423
llc_references,44708074.232026145,78205829.6756426
llc_misses,3778442.663398693,3936041.6646266826
instructions,462146512.87581694,4055064899.2166467
cycles,1012346993.9052289,3279197369.577723
gpu_core_util,298.15359477124184,112.39902080783354
gpu_core_freq,6500.0,6500.0
gpu_emc_util,53.80718954248366,21.73806609547124
gpu_emc_freq,9330.0,9330.0
