{
    "runtime": {
        "ntail-xapian": 36.5394401550293,
        "ssd-train-vgg-gpu": 49.232805013656616
    },
    "power": []
}