{
    "runtime": {
        "ntail-img-dnn": 41.29863953590393,
        "ntail-sphinx": 47.74232792854309
    },
    "power": []
}