category,ntail-xapian
runtime,113.77756690979004
llc_references,9132891.448087431
llc_misses,3193559.7540983604
instructions,1107331376.129326
cycles,709296496.575592
stall_cycles,201744385.57377046
intra_coh,14109.571948998178
inter_coh,9.77231329690346
wall_cycles,2100844321.7759562
llc_size,129557151.47540984
local_mem,28786300.036429875
remote_mem,1268939.3078324227
