category,ntail-img-dnn
runtime,78.58815264701843
llc_references,154331484.5967742
llc_misses,8904659.180107526
instructions,4262530883.763441
cycles,2135818724.9327958
stall_cycles,350925053.0913979
intra_coh,302218.77688172046
inter_coh,81.51881720430109
wall_cycles,2101372305.282258
llc_size,91170793.97849463
local_mem,556703.6559139785
remote_mem,14093.763440860217
