{
    "name": "bfs",
    "runtime": 24.068460702896118,
    "llc_references": 10343876.70940171,
    "llc_misses": 6988196.025641026,
    "instructions": 8978396934.957264,
    "cycles": 3762230484.444444
}
