{
    "name": "cfd",
    "runtime": 158.5658061504364,
    "llc_references": 24918916.673003804,
    "llc_misses": 15431435.41825095,
    "instructions": 11781589456.178707,
    "cycles": 7131695963.5044365
}
