category,ntail-sphinx
runtime,100.34829497337341
llc_references,87253610.30145529
llc_misses,9820231.902286902
instructions,3758140976.101871
cycles,3346175747.9417877
stall_cycles,1258778123.939709
intra_coh,780.1247401247401
inter_coh,0.7588357588357588
wall_cycles,2101834990.3014553
llc_size,201252744.78170478
local_mem,180877316.25779626
remote_mem,938758.9189189189
