{
    "runtime": {
        "ntail-img-dnn": 38.46028423309326,
        "GpuKMeansBatchGpu": 47.467747926712036
    },
    "power": []
}