category,ntail-moses
runtime,509.72472310066223
llc_references,3683231.5219976217
llc_misses,2181973.6424891003
instructions,147848811.83511692
cycles,115670072.22354339
stall_cycles,51296211.0443916
intra_coh,57802.2175980975
inter_coh,12.879508521601268
wall_cycles,2099624335.2160125
llc_size,198137433.08759415
local_mem,141269562.6476417
remote_mem,2001536.4565992865
