category,ssd-eval-vgg-gpu-small,ssd-train-vgg-cpu
runtime,65.4519431591034,154.82457876205444
llc_references,45331256.60828025,53454121.64674635
llc_misses,3426542.515923567,2680397.4833997344
instructions,473980342.30891716,3053632169.7277555
cycles,985393852.7707006,2490213714.9667997
gpu_core_util,297.4363057324841,111.69986719787516
gpu_core_freq,6500.0,6500.0
gpu_emc_util,51.19426751592357,22.921646746347943
gpu_emc_freq,9330.0,9330.0
