category,ntail-moses
runtime,16.174087047576904
llc_references,162265301.147541
llc_misses,86482796.31147541
instructions,6780627199.590164
cycles,5347392322.704918
stall_cycles,2407057952.131148
intra_coh,7433384.016393443
inter_coh,41.22950819672131
wall_cycles,2121836463.6885247
llc_size,208425967.21311477
local_mem,6625061099.016394
remote_mem,78251058.36065574
