category,ntail-sphinx
runtime,222.3552598953247
llc_references,38954601.92201835
llc_misses,3983095.7706422023
instructions,1667516267.8440368
cycles,1466530042.7293577
stall_cycles,540902593.1651376
intra_coh,248.61926605504584
inter_coh,0.20642201834862386
wall_cycles,2099961741.0091743
llc_size,190224853.72477067
local_mem,56142707.08256881
remote_mem,358644.25688073394
