category,ssd-eval-vgg-cpu-large
runtime,202.98970556259155
llc_references,96774667.54279959
llc_misses,4102229.859013092
instructions,4877051420.825781
cycles,3967362267.477341
gpu_core_util,0.5337361530715005
gpu_core_freq,6500.0
gpu_emc_util,2.0896273917421953
gpu_emc_freq,9330.0
