{
    "runtime": {
        "nn": 46.078739404678345,
        "cfd": 159.55221724510193
    },
    "power": [
        {
            "package_name": "package-0",
            "power": 5357849504,
            "domains": {
                "core": 266004803461,
                "uncore": 262143337517,
                "dram": 262918204491
            }
        }
    ]
}