category,ssd-eval-vgg-gpu-small
runtime,82.49682211875916
llc_references,40070918.66161616
llc_misses,9846430.833333334
instructions,331563594.1919192
cycles,1321953243.939394
gpu_core_util,209.53282828282826
gpu_core_freq,6500.0
gpu_emc_util,89.74747474747474
gpu_emc_freq,9330.0
