category,ntail-masstree
runtime,46.03279209136963
llc_references,4665735.738095239
llc_misses,644875.8333333334
instructions,256838316.85714287
cycles,417816309.6428572
stall_cycles,214788467.47619048
intra_coh,615933.4523809524
inter_coh,83.38095238095238
wall_cycles,2104616247.547619
llc_size,186657450.66666666
local_mem,61137286.0952381
remote_mem,1086025.142857143
