category,ssd-eval-vgg-gpu-small,ssd-train-vgg-cpu
runtime,65.28412246704102,307.6307134628296
llc_references,45410487.69230769,71456121.63557628
llc_misses,3558447.467948718,3391239.243837442
instructions,467446523.30128205,4064205470.699534
cycles,985355880.0801282,3274159673.65423
gpu_core_util,285.1121794871795,57.628247834776815
gpu_core_freq,6500.0,6500.0
gpu_emc_util,52.32371794871795,13.13124583610926
gpu_emc_freq,9330.0,9330.0
