category,ntail-moses
runtime,20.407326221466064
llc_references,121215267.28395061
llc_misses,63985906.85185186
instructions,5051710659.012345
cycles,3982428775.8024693
stall_cycles,1775690058.8888888
intra_coh,5771779.50617284
inter_coh,57.901234567901234
wall_cycles,2114553621.6666665
llc_size,205932720.98765433
local_mem,4323333056.790124
remote_mem,54366561.97530864
