{
    "runtime": {
        "ntail-xapian": 37.7732937335968,
        "GpuKMeansBatchCpu": 61.44956111907959
    },
    "power": []
}