category,ssd-eval-vgg-gpu-large
runtime,102.89661765098572
llc_references,71953500.97389558
llc_misses,2336621.636546185
instructions,568772112.4698795
cycles,1349462580.993976
gpu_core_util,179.61847389558233
gpu_core_freq,6500.0
gpu_emc_util,31.42570281124498
gpu_emc_freq,9330.0
