{
    "runtime": {
        "ntail-xapian": 41.74433493614197,
        "GpuKMeansBatchCpu": 193.65738487243652
    },
    "power": []
}