{
    "runtime": {
        "SparkGPULRGpu": 35.53427267074585,
        "SparkDSLRCpu": 39.3690459728241
    },
    "power": []
}