category,ssd-eval-vgg-gpu-small,ssd-train-vgg-cpu
runtime,64.63337683677673,271.48197412490845
llc_references,44986133.23624595,65185045.15483384
llc_misses,3473434.838187702,3165491.087613293
instructions,471315504.2071197,3882129071.0800605
cycles,982361432.1682848,3140250721.8768883
gpu_core_util,287.9935275080906,67.75679758308156
gpu_core_freq,6500.0,6500.0
gpu_emc_util,52.103559870550164,13.98036253776435
gpu_emc_freq,9330.0,9330.0
