category,ntail-sphinx
runtime,21.835997343063354
llc_references,347919254.77272725
llc_misses,89750999.14772727
instructions,14853833907.897728
cycles,16388971811.420456
stall_cycles,8018864438.409091
intra_coh,25443.18181818182
inter_coh,1.3068181818181817
wall_cycles,2114713008.8636363
llc_size,206106996.36363637
local_mem,4502598749.090909
remote_mem,8333498.181818183
