category,ssd-eval-vgg-gpu-large
runtime,92.0741879940033
llc_references,73940310.3803132
llc_misses,2217157.2147651007
instructions,1001696256.0738255
cycles,1605750058.064877
gpu_core_util,118.2102908277405
gpu_core_freq,6500.0
gpu_emc_util,20.659955257270695
gpu_emc_freq,9330.0
