{
    "runtime": {
        "ntail-img-dnn": 37.82999277114868,
        "GpuKMeansBatchCpu": 66.63827013969421
    },
    "power": []
}