{
    "runtime": {
        "GpuKMeansBatchGpu": 152.39354586601257,
        "GpuKMeansBatchCpu": 210.49091982841492
    },
    "power": []
}