{
    "runtime": {
        "ssd-eval-vgg-gpu-small": 63.92667818069458,
        "ssd-train-vgg-cpu": 88.46066117286682
    },
    "power": []
}