category,ntail-img-dnn
runtime,61.11626935005188
llc_references,271303314.4444444
llc_misses,15788018.960573478
instructions,7547180559.39068
cycles,3498196275.645161
stall_cycles,512865902.7240144
intra_coh,89451.75627240143
inter_coh,55.93189964157706
wall_cycles,2102413543.6917562
llc_size,99686363.29749104
local_mem,655360.0
remote_mem,14093.763440860217
