category,ntail-masstree
runtime,24.81590747833252
llc_references,9761364.805825243
llc_misses,1313331.2621359224
instructions,535528521.7475728
cycles,859615448.3495146
stall_cycles,442108512.3786408
intra_coh,1247204.077669903
inter_coh,47.13592233009709
wall_cycles,2112052034.6601942
llc_size,190805200.77669904
local_mem,121721985.24271844
remote_mem,413576.69902912626
