{
    "runtime": {
        "ssd-eval-vgg-gpu-small": 64.97497963905334,
        "ssd-train-vgg-cpu": 528.4525876045227
    },
    "power": []
}