{
    "runtime": {
        "ntail-xapian": 38.00580620765686,
        "GpuKMeansBatchGpu": 49.75504684448242
    },
    "power": []
}