category,ntail-xapian
runtime,58.96595549583435
llc_references,32455293.321167883
llc_misses,10250319.543795621
instructions,3594146008.3941607
cycles,2377748895.784672
stall_cycles,713506508.5948906
intra_coh,36394.12408759124
inter_coh,85.65693430656934
wall_cycles,2103539572.6277373
llc_size,148956870.0729927
local_mem,229334143.0656934
remote_mem,4076865.4014598536
