{
    "runtime": {
        "ntail-sphinx": 42.08014988899231,
        "ssd-train-vgg-gpu": 52.36549472808838
    },
    "power": []
}