category,ntail-sphinx
runtime,90.75320625305176
llc_references,96075099.01847574
llc_misses,11015452.367205543
instructions,4174468475.704388
cycles,3727854017.9214783
stall_cycles,1406567303.0254042
intra_coh,953.5450346420323
inter_coh,0.5889145496535797
wall_cycles,2102214744.734411
llc_size,201218979.76905313
local_mem,219146027.15935335
remote_mem,1484776.3510392609
