category,kmeans
runtime,42.67498826980591
llc_references,2007373.086124402
llc_misses,853098.8995215311
instructions,12823317669.306221
cycles,5267889581.578947
