category,ssd-eval-vgg-gpu-medium
runtime,88.65463256835938
llc_references,64862589.82476636
llc_misses,2497156.9976635515
instructions,551657035.0817757
cycles,1252354881.7523365
gpu_core_util,217.61682242990656
gpu_core_freq,6500.0
gpu_emc_util,38.177570093457945
gpu_emc_freq,9330.0
