category,ntail-xapian
runtime,81.94074487686157
llc_references,29985324.199475065
llc_misses,10583301.797900263
instructions,3670839494.1469817
cycles,2332729866.1548557
stall_cycles,650966478.0839895
intra_coh,48667.13910761155
inter_coh,27.38845144356955
wall_cycles,2102771019.448819
llc_size,160937322.8346457
local_mem,17319737.112860892
remote_mem,135028.24146981628
