category,ntail-xapian
runtime,39.60789656639099
llc_references,50197038.02259886
llc_misses,15988525.141242938
instructions,5672945356.581921
cycles,3723807579.2372885
stall_cycles,1105156117.4293785
intra_coh,61799.32203389831
inter_coh,68.58757062146893
wall_cycles,2107268731.5254238
llc_size,132362355.70621468
local_mem,224910665.76271188
remote_mem,1075604.9717514124
