{
    "runtime": {
        "ntail-sphinx": 42.43344044685364,
        "GpuKMeansBatchGpu": 57.4603226184845
    },
    "power": []
}