category,ntail-masstree
runtime,23.005595684051514
llc_references,11078260.842105264
llc_misses,1811728.5263157894
instructions,592700043.2105263
cycles,1033060218.2631578
stall_cycles,542652459.3684211
intra_coh,1287295.0
inter_coh,41.21052631578947
wall_cycles,2112985680.9473684
llc_size,187505394.52631578
local_mem,153236965.05263156
remote_mem,462201.2631578947
