category,ntail-sphinx
runtime,31.84555697441101
llc_references,276608753.0882353
llc_misses,54064170.47794118
instructions,12039315058.419117
cycles,12212787227.242645
stall_cycles,5450887189.889707
intra_coh,11591.323529411766
inter_coh,1.3235294117647058
wall_cycles,2108684754.0808823
llc_size,208298465.88235292
local_mem,1969296564.7058823
remote_mem,6384941.176470588
