category,ssd-eval-vgg-gpu-small,ssd-train-vgg-cpu
runtime,66.79475331306458,169.53649020195007
llc_references,44477900.61708861,81011522.86755772
llc_misses,4037434.335443038,4087413.3232077765
instructions,453221661.26582277,4018296252.017011
cycles,1018513114.636076,3266457615.832321
gpu_core_util,283.6867088607595,107.78857837181044
gpu_core_freq,6500.0,6500.0
gpu_emc_util,60.22151898734177,25.091130012150668
gpu_emc_freq,9330.0,9330.0
