category,ssd-eval-vgg-gpu-small,ssd-train-vgg-cpu
runtime,65.49582529067993,160.53314423561096
llc_references,44958941.14649682,53538173.26700899
llc_misses,3572777.8662420386,2780039.8780487804
instructions,470660065.50955415,3191783492.631579
cycles,1001376713.6146497,2614317095.50706
gpu_core_util,272.4203821656051,109.64698331193838
gpu_core_freq,6500.0,6500.0
gpu_emc_util,53.933121019108285,22.849807445442877
gpu_emc_freq,9330.0,9330.0
