{
    "runtime": {
        "ssd-eval-vgg-gpu-medium": 117.61116981506348,
        "ssd-train-vgg-cpu": 122.44221639633179
    },
    "power": []
}