{
    "runtime": {
        "ntail-sphinx": 42.59503126144409,
        "GpuKMeansBatchCpu": 58.62283778190613
    },
    "power": []
}