{
    "runtime": {
        "ssd-eval-vgg-gpu-small": 64.63337683677673,
        "ssd-train-vgg-cpu": 271.48197412490845
    },
    "power": []
}