{
    "runtime": {
        "SparkGPULRCpu": 29.482743978500366,
        "SparkDSLRCpu": 37.32994079589844
    },
    "power": []
}