category,ssd-eval-vgg-gpu-small,ssd-train-vgg-cpu
runtime,62.4429976940155,337.6687026023865
llc_references,45430381.003344476,68757177.53944175
llc_misses,3146095.735785953,3368855.2002427187
instructions,470202768.444816,4211514953.9532766
cycles,978096278.8628763,3389681993.6620145
gpu_core_util,277.1404682274248,53.27669902912621
gpu_core_freq,6500.0,6500.0
gpu_emc_util,50.13377926421405,11.04368932038835
gpu_emc_freq,9330.0,9330.0
