category,ntail-moses
runtime,87.9478108882904
llc_references,22608020.933014356
llc_misses,13068157.78708134
instructions,918398812.7870812
cycles,714385429.6052632
stall_cycles,316671512.00956935
intra_coh,445139.76076555025
inter_coh,56.2799043062201
wall_cycles,2102695912.021531
llc_size,206869557.89473683
local_mem,980261775.3110049
remote_mem,11920339.904306218
