category,ssd-eval-vgg-gpu-small
runtime,62.897817611694336
llc_references,45965818.39933993
llc_misses,2780273.663366337
instructions,494223431.36963695
cycles,958658605.1815182
gpu_core_util,294.96699669966995
gpu_core_freq,6500.0
gpu_emc_util,49.45544554455446
gpu_emc_freq,9330.0
