category,ntail-xapian
runtime,107.81890177726746
llc_references,18553104.025096525
llc_misses,5811915.27992278
instructions,2056751770.5501933
cycles,1363628131.1969113
stall_cycles,411458139.71042466
intra_coh,33146.92084942085
inter_coh,110.28957528957528
wall_cycles,2101924996.283784
llc_size,160819397.68339768
local_mem,11609234.285714287
remote_mem,86664.40154440155
