category,ntail-sphinx
runtime,148.66542983055115
llc_references,57952430.35367545
llc_misses,6180969.153952843
instructions,2491113118.6130376
cycles,2207218373.2038836
stall_cycles,821631725.9223301
intra_coh,466.8515950069348
inter_coh,0.38141470180305126
wall_cycles,2100595445.5409155
llc_size,197574678.72399446
local_mem,99794694.03606102
remote_mem,499018.91816920944
