category,ntail-masstree
runtime,31.840435028076172
llc_references,7171312.949640287
llc_misses,974079.0647482015
instructions,387654367.1223021
cycles,632990197.0863309
stall_cycles,326834892.55395687
intra_coh,935764.928057554
inter_coh,57.122302158273385
wall_cycles,2108918574.820144
llc_size,188750752.23021582
local_mem,92943249.49640287
remote_mem,339467.0503597122
