category,ntail-xapian
runtime,88.32170557975769
llc_references,28334516.20772947
llc_misses,9856406.461352658
instructions,3419900149.094203
cycles,2186570650.821256
stall_cycles,618055214.4082125
intra_coh,44965.38647342996
inter_coh,27.548309178743963
wall_cycles,2101896146.8599033
llc_size,148844286.76328504
local_mem,17114552.2705314
remote_mem,121099.1304347826
