{
    "runtime": {
        "GpuKMeansBatchGpu": 55.87047505378723,
        "GpuKMeansGpu": 81.15769839286804
    },
    "power": []
}