{
    "runtime": {
        "ssd-train-vgg-gpu": 1.7569918632507324,
        "ntail-sphinx": 42.104424476623535
    },
    "power": []
}