category,ntail-img-dnn
runtime,107.8329405784607
llc_references,103472331.5926641
llc_misses,5923951.467181467
instructions,2842036119.8841696
cycles,1479408177.0463321
stall_cycles,264640722.53861004
intra_coh,314012.7895752896
inter_coh,85.57915057915056
wall_cycles,2100432799.2277992
llc_size,87780284.78764477
local_mem,561104.555984556
remote_mem,10753.976833976832
