{
    "runtime": {
        "ntail-img-dnn": 40.646625995635986,
        "ntail-xapian": 40.02322053909302
    },
    "power": []
}