category,ntail-moses
runtime,15.227613687515259
llc_references,178624595.54545456
llc_misses,95366881.81818181
instructions,7472344413.909091
cycles,5841232276.363636
stall_cycles,2591931743.909091
intra_coh,8195825.454545454
inter_coh,41.09090909090909
wall_cycles,2123475101.090909
llc_size,206837573.8181818
local_mem,3690916026.181818
remote_mem,70832500.36363636
