category,ssd-eval-vgg-gpu-small,ssd-train-vgg-cpu
runtime,63.381542444229126,120.28859066963196
llc_references,45499701.63907285,67025123.53700517
llc_misses,3476841.059602649,3465035.9810671257
instructions,459232771.3741722,2794091811.084337
cycles,992558643.294702,2294096200.3184166
gpu_core_util,302.69867549668874,160.70567986230634
gpu_core_freq,6500.0,6500.0
gpu_emc_util,54.503311258278146,29.595524956970742
gpu_emc_freq,9330.0,9330.0
