category,ntail-moses
runtime,28.928396940231323
llc_references,80029385.44354838
llc_misses,43128938.06451613
instructions,3344893768.629032
cycles,2633245891.814516
stall_cycles,1173005525.0403225
intra_coh,3706768.9919354836
inter_coh,74.03225806451613
wall_cycles,2109022004.3548388
llc_size,206911421.93548387
local_mem,2671815514.8387094
remote_mem,33476211.612903222
