category,ntail-img-dnn
runtime,50.37431216239929
llc_references,281463214.7368421
llc_misses,16305419.47368421
instructions,7812223369.473684
cycles,3780667899.298246
stall_cycles,569282032.6535088
intra_coh,191114.10087719298
inter_coh,61.82017543859649
wall_cycles,2103785870.8114033
llc_size,100681117.19298245
local_mem,724345.2631578948
remote_mem,7185.964912280701
