category,ssd-eval-vgg-cpu-large
runtime,176.62450122833252
llc_references,0.0
llc_misses,0.0
cache_references,437074960.90856487
cache_misses,34950626.89236111
instructions,41376809226.00116
cycles,3922079832.569444
gpu_core_util,0.5729166666666666
gpu_core_freq,6500.0
gpu_emc_util,1.753472222222222
gpu_emc_freq,9330.0
