category,ntail-moses
runtime,75.76302909851074
llc_references,26496973.75698324
llc_misses,15377777.625698324
instructions,1081550437.5698323
cycles,842259391.1173184
stall_cycles,374494291.2709497
intra_coh,546225.1675977653
inter_coh,83.70111731843576
wall_cycles,2102730096.6480446
llc_size,205510278.43575418
local_mem,1009922574.301676
remote_mem,12609272.849162012
