category,ntail-img-dnn
runtime,62.61836314201355
llc_references,205083082.06185567
llc_misses,11854085.343642611
instructions,5682173075.274915
cycles,2824250195.0343647
stall_cycles,443818379.8453608
intra_coh,311304.39862542955
inter_coh,67.90378006872852
wall_cycles,2101885589.9312713
llc_size,90421663.23024055
local_mem,2800481.649484536
remote_mem,18016.769759450173
