category,ntail-sphinx
runtime,177.67830872535706
llc_references,49151921.11303345
llc_misses,5094584.2272203
instructions,2082410059.7116494
cycles,1837300485.5132642
stall_cycles,682589220.2191465
intra_coh,333.05651672433675
inter_coh,0.5074971164936563
wall_cycles,2100390246.9550176
llc_size,194710706.34371397
local_mem,78042642.30680507
remote_mem,404025.2825836217
