category,ntail-xapian
runtime,99.29118824005127
llc_references,8644822.384453781
llc_misses,3024983.9180672267
instructions,1043254236.9117647
cycles,669359814.2436974
stall_cycles,190693893.39285713
intra_coh,12930.892857142859
inter_coh,9.201680672268907
wall_cycles,2101107314.0441177
llc_size,125464954.62184875
local_mem,8711056.134453781
remote_mem,41304.20168067227
