category,ntail-moses
runtime,104.77256989479065
llc_references,18811755.258964144
llc_misses,11034158.824701196
instructions,765742026.1254979
cycles,595549947.749004
stall_cycles,264195966.2250996
intra_coh,370792.15139442234
inter_coh,49.87051792828686
wall_cycles,2101981870.7768922
llc_size,202999718.24701193
local_mem,633341470.5976095
remote_mem,7686772.270916335
