category,ssd-train-vgg-gpu,ntail-sphinx
runtime,1.7569918632507324,42.104424476623535
