category,ntail-xapian
runtime,53.146254777908325
llc_references,36983953.54508197
llc_misses,11671582.43852459
instructions,4115024258.7909837
cycles,2714645155.0409837
stall_cycles,809463104.0368853
intra_coh,50754.938524590165
inter_coh,87.37704918032787
wall_cycles,2104160799.0778687
llc_size,118794743.60655738
local_mem,39305484.59016393
remote_mem,228301.6393442623
