category,SparkDSLRGpu
runtime,34.47300958633423
llc_references,163710455.05882353
llc_misses,1329448809.0882354
instructions,3023814839.2352943
cycles,5404803388.205882
gpu_core_util,0.0
gpu_core_freq,1300.0
gpu_emc_util,3.0588235294117645
gpu_emc_freq,1866.0
