category,ntail-moses
runtime,66.89398956298828
llc_references,30422490.063897762
llc_misses,17652921.38977636
instructions,1242536881.7252395
cycles,965050459.057508
stall_cycles,427240662.33226836
intra_coh,703170.9424920129
inter_coh,56.118210862619804
wall_cycles,2103401860.0798724
llc_size,206564028.11501595
local_mem,1393730870.7987218
remote_mem,15767375.33546326
