category,ntail-moses
runtime,70.93880605697632
llc_references,28493832.140718564
llc_misses,16647186.661676645
instructions,1178742600.4041915
cycles,918473099.236527
stall_cycles,407261959.2664671
intra_coh,696670.5538922155
inter_coh,82.82934131736526
wall_cycles,2103654377.3053894
llc_size,207061384.43113774
local_mem,1112685512.8143713
remote_mem,13530044.550898204
