category,ntail-xapian
runtime,57.251452684402466
llc_references,44380559.63320463
llc_misses,15094021.409266409
instructions,5230774517.837838
cycles,3361329572.1814675
stall_cycles,955109287.7992278
intra_coh,66474.74903474904
inter_coh,46.71814671814672
wall_cycles,2103785955.289575
llc_size,108200189.03474903
local_mem,24110416.06177606
remote_mem,178389.49806949808
