{
    "runtime": {
        "ssd-train-vgg-gpu": 1.7254934310913086,
        "ntail-sphinx": 42.34839582443237
    },
    "power": []
}