{
    "runtime": {
        "ntail-sphinx": 44.09268140792847,
        "GpuKMeansBatchGpu": 63.05970621109009
    },
    "power": []
}