{
    "runtime": {
        "SP_BE_core(8,9,10,11,12,13,14,15)": 297.42156624794006,
        "SP_LC_core(0,1,2,3,4,5,6,7)": 297.3084228038788
    },
    "power": [
        {
            "package_name": "package-0",
            "power": 29718683075,
            "domains": {
                "dram": 68786489868
            }
        },
        {
            "package_name": "package-1",
            "power": 10869933782,
            "domains": {
                "dram": 66567341637
            }
        }
    ]
}