category,ntail-masstree
runtime,88.53096413612366
llc_references,2337040.651658768
llc_misses,318713.5663507109
instructions,128590528.02132702
cycles,207551657.27488154
stall_cycles,106163810.10663508
intra_coh,308292.44075829384
inter_coh,72.51184834123222
wall_cycles,2102356566.042654
llc_size,186313257.25118485
local_mem,30057263.317535542
remote_mem,338550.90047393367
