category,ssd-eval-vgg-gpu-large
runtime,803.2421569824219
llc_references,8253214.408955224
llc_misses,2930539.1522388062
instructions,97581362.16119403
cycles,601791375.5119402
gpu_core_util,26.707462686567162
gpu_core_freq,6500.0
gpu_emc_util,186.1313432835821
gpu_emc_freq,9330.0
