category,ntail-img-dnn
runtime,102.96966648101807
llc_references,129032412.75757575
llc_misses,7406318.757575758
instructions,3552837686.7070704
cycles,1834299169.8383837
stall_cycles,318010355.93939394
intra_coh,329937.6565656566
inter_coh,186.04040404040404
wall_cycles,2100747328.121212
llc_size,96879419.47474748
local_mem,2296407.9191919193
remote_mem,221101.25252525252
