category,ntail-sphinx
runtime,112.37937903404236
llc_references,77125765.17560074
llc_misses,8517502.929759704
instructions,3338107590.0831795
cycles,2966573735.1016636
stall_cycles,1109830241.284658
intra_coh,677.4953789279112
inter_coh,0.4528650646950092
wall_cycles,2101475193.9926064
llc_size,198884194.8983364
local_mem,140004157.04251385
remote_mem,619624.1035120147
