{
    "runtime": {
        "ntail-sphinx": 44.700711250305176,
        "GpuKMeansBatchCpu": 86.4375410079956
    },
    "power": []
}