category,ntail-xapian
runtime,90.3882086277008
llc_references,22831375.9562212
llc_misses,7243550.138248848
instructions,2569662648.536866
cycles,1697663552.891705
stall_cycles,508774472.53456223
intra_coh,33546.5668202765
inter_coh,131.75115207373273
wall_cycles,2104013472.5115206
llc_size,157692602.39631337
local_mem,12333301.38248848
remote_mem,68707.09677419355
