category,ntail-img-dnn
runtime,56.15037751197815
llc_references,304281760.515873
llc_misses,17674546.765873015
instructions,8463231825.873016
cycles,3853820478.1349206
stall_cycles,558491514.6230159
intra_coh,92903.21428571429
inter_coh,72.63888888888889
wall_cycles,2102983497.9563494
llc_size,96767024.76190476
local_mem,893318.0952380953
remote_mem,145635.55555555556
