{
    "runtime": {
        "SparkDSLRCpu": 39.36991906166077,
        "SparkDSLRGpu": 43.46957349777222
    },
    "power": []
}