{
    "runtime": {
        "ntail-xapian": 36.79657483100891,
        "GpuKMeansBatchGpu": 58.26294660568237
    },
    "power": []
}