{
    "runtime": {
        "SparkGPULRCpu": 34.70386552810669,
        "SparkDSLRCpu": 43.34172797203064
    },
    "power": []
}