category,ntail-masstree
runtime,21.785218238830566
llc_references,12101975.568181818
llc_misses,1844079.6590909092
instructions,659568897.4431818
cycles,1120098411.9886365
stall_cycles,584699775.2272727
intra_coh,1460371.875
inter_coh,53.69318181818181
wall_cycles,2112917765.4545453
llc_size,190214516.36363637
local_mem,157621527.27272725
remote_mem,15814283.636363635
