category,ntail-sphinx
runtime,46.23968172073364
llc_references,189702967.83333334
llc_misses,27323785.333333332
instructions,8277099736.523809
cycles,7766099516.071428
stall_cycles,3150208556.8095236
intra_coh,4011.095238095238
inter_coh,1.3095238095238095
wall_cycles,2105021518.6666667
llc_size,206132565.33333334
local_mem,750524513.5238094
remote_mem,3623204.5714285714
