{
    "runtime": {
        "ssd-eval-vgg-gpu-dynamic": 101.79869198799133,
        "ssd-train-vgg-cpu": 114.90679454803467
    },
    "power": []
}