category,ntail-img-dnn
runtime,45.950212240219116
llc_references,334322117.7403846
llc_misses,19382833.822115384
instructions,9299520685.793268
cycles,4307614835.192307
stall_cycles,632602255.4086539
intra_coh,160615.52884615384
inter_coh,66.00961538461539
wall_cycles,2103441387.5480769
llc_size,92651520.0
local_mem,1409969.2307692305
remote_mem,2810486.153846154
