category,ntail-xapian
runtime,42.39030718803406
llc_references,45897695.75916231
llc_misses,14556829.738219894
instructions,5136223357.3298435
cycles,3380535393.6125655
stall_cycles,1004330291.3612566
intra_coh,51210.497382198955
inter_coh,66.70157068062827
wall_cycles,2106609667.643979
llc_size,110652903.87434556
local_mem,26581538.848167542
remote_mem,173275.8115183246
