{
    "runtime": {
        "ssd-eval-vgg-gpu-small": 64.93179082870483,
        "ssd-train-vgg-cpu": 122.30676460266113
    },
    "power": []
}