{
    "runtime": {
        "ssd-eval-vgg-gpu-small": 65.27967953681946,
        "ssd-train-vgg-cpu": 182.2924780845642
    },
    "power": []
}