{
    "runtime": {
        "ntail-masstree": 31.867412328720093,
        "cfd": 60.94258975982666
    },
    "power": [
        {
            "package_name": "package-0",
            "power": 3743083679,
            "domains": {
                "dram": 65968604657
            }
        },
        {
            "package_name": "package-1",
            "power": 1801553615,
            "domains": {
                "dram": 65858574661
            }
        }
    ]
}