category,ntail-sphinx
runtime,127.99225306510925
llc_references,67632322.13592233
llc_misses,7370922.443365696
instructions,2904661615.776699
cycles,2580251608.033981
stall_cycles,965389969.1019417
intra_coh,590.088996763754
inter_coh,0.558252427184466
wall_cycles,2101081741.3187704
llc_size,199645667.8317152
local_mem,129264457.73462784
remote_mem,709973.3333333333
