category,nn,cfd
runtime,,
llc_references,23993616.30136986,22809650.37671233
llc_misses,1658285.719178082,13941177.123287672
instructions,8914482465.547945,10687964837.60274
cycles,6967581162.260274,6736751067.636986
