category,ntail-img-dnn
runtime,69.92734670639038
llc_references,179689093.5474006
llc_misses,10387121.804281345
instructions,4968782336.666667
cycles,2462379732.461774
stall_cycles,394033333.9296636
intra_coh,264485.56574923545
inter_coh,72.00305810397553
wall_cycles,2101808966.819572
llc_size,90170120.61162078
local_mem,641330.8868501529
remote_mem,4008.3180428134556
