category,ntail-moses
runtime,59.68330192565918
llc_references,34839344.17266187
llc_misses,19865598.758992806
instructions,1438150321.942446
cycles,1126221589.0467625
stall_cycles,502605266.58273387
intra_coh,1084602.7697841728
inter_coh,84.19064748201438
wall_cycles,2104119485.0179858
llc_size,206913418.1294964
local_mem,1366569402.0143886
remote_mem,16200122.014388489
