{
    "runtime": {
        "ssd-eval-vgg-gpu-small": 65.28412246704102,
        "ssd-train-vgg-cpu": 307.6307134628296
    },
    "power": []
}