{
    "runtime": {
        "ssd-eval-vgg-gpu-small": 64.50342178344727,
        "ssd-train-vgg-cpu": 90.61224842071533
    },
    "power": []
}