category,ntail-masstree
runtime,107.7835042476654
llc_references,7418629.487427466
llc_misses,1470562.5435203095
instructions,277867967.51450676
cycles,757550406.0541587
stall_cycles,437215730.0967118
intra_coh,276493.4816247582
inter_coh,50.0
wall_cycles,2102063403.3462284
llc_size,186641330.75435203
local_mem,109727165.64796907
remote_mem,842967.8916827852
