category,ntail-xapian
runtime,48.16302680969238
llc_references,41221895.86363637
llc_misses,13086955.295454545
instructions,4631126168.545455
cycles,3054324202.3636365
stall_cycles,913321561.7954545
intra_coh,45653.36363636364
inter_coh,89.52272727272728
wall_cycles,2105645417.0454547
llc_size,119282967.27272727
local_mem,357966568.72727275
remote_mem,1224331.6363636362
