category,ntail-moses
runtime,132.4043333530426
llc_references,69816057.70634921
llc_misses,40648922.190476194
instructions,2431289688.7539682
cycles,1856815782.3968253
stall_cycles,835729914.9047619
intra_coh,721045.0793650794
inter_coh,19.317460317460316
wall_cycles,2101218262.68254
llc_size,182921898.6666667
local_mem,3035788239.2380953
remote_mem,21818806.85714286
